<?xml version="1.0" encoding="UTF-8"?>
<project-private xmlns="http://www.netbeans.org/ns/project-private/1">
    <editor-bookmarks xmlns="http://www.netbeans.org/ns/editor-bookmarks/2" lastBookmarkId="0"/>
    <open-files xmlns="http://www.netbeans.org/ns/projectui-open-files/2">
        <group>
            <file>file:/F:/College%20Projects/Project%20Files/Lab%20monitoring/EXAM%20CONTROL%20WITH%20WORKING%20DETECTION%20FINAL/Smart%20Lab%20Monitoring/src/exam/control/TypeSelect.java</file>
            <file>file:/F:/College%20Projects/Project%20Files/Lab%20monitoring/EXAM%20CONTROL%20WITH%20WORKING%20DETECTION%20FINAL/Smart%20Lab%20Monitoring/src/exam/control/server_frame.java</file>
            <file>file:/F:/College%20Projects/Project%20Files/Lab%20monitoring/EXAM%20CONTROL%20WITH%20WORKING%20DETECTION%20FINAL/Smart%20Lab%20Monitoring/src/exam/control/Harddisk.java</file>
            <file>file:/F:/College%20Projects/Project%20Files/Lab%20monitoring/EXAM%20CONTROL%20WITH%20WORKING%20DETECTION%20FINAL/Smart%20Lab%20Monitoring/src/exam/control/ServerConstants.java</file>
            <file>file:/F:/College%20Projects/Project%20Files/Lab%20monitoring/EXAM%20CONTROL%20WITH%20WORKING%20DETECTION%20FINAL/Smart%20Lab%20Monitoring/src/exam/control/client_frame.java</file>
            <file>file:/F:/College%20Projects/Project%20Files/Lab%20monitoring/EXAM%20CONTROL%20WITH%20WORKING%20DETECTION%20FINAL/Smart%20Lab%20Monitoring/src/exam/control/ModulesSelect.java</file>
            <file>file:/F:/College%20Projects/Project%20Files/Lab%20monitoring/EXAM%20CONTROL%20WITH%20WORKING%20DETECTION%20FINAL/Smart%20Lab%20Monitoring/src/exam/control/PowerOptions.java</file>
            <file>file:/F:/College%20Projects/Project%20Files/Lab%20monitoring/EXAM%20CONTROL%20WITH%20WORKING%20DETECTION%20FINAL/Smart%20Lab%20Monitoring/src/exam/control/Constants.java</file>
            <file>file:/F:/College%20Projects/Project%20Files/Lab%20monitoring/EXAM%20CONTROL%20WITH%20WORKING%20DETECTION%20FINAL/Smart%20Lab%20Monitoring/src/exam/control/BrowserDetection.java</file>
            <file>file:/F:/College%20Projects/Project%20Files/Lab%20monitoring/EXAM%20CONTROL%20WITH%20WORKING%20DETECTION%20FINAL/Smart%20Lab%20Monitoring/src/exam/control/mainframe.java</file>
            <file>file:/F:/College%20Projects/Project%20Files/Lab%20monitoring/EXAM%20CONTROL%20WITH%20WORKING%20DETECTION%20FINAL/Smart%20Lab%20Monitoring/src/exam/control/AppDetection.java</file>
            <file>file:/F:/College%20Projects/Project%20Files/Lab%20monitoring/EXAM%20CONTROL%20WITH%20WORKING%20DETECTION%20FINAL/Smart%20Lab%20Monitoring/src/exam/control/Pendrive.java</file>
        </group>
    </open-files>
</project-private>
